{
  "2": {
    "order": [
      1,
      0,
      0
    ],
    "aic": 606.106814419286,
    "rmse": 1.6560977898406872
  },
  "0": {
    "order": [
      1,
      0,
      1
    ],
    "aic": 618.4555504861023,
    "rmse": 1.7076724523669846
  },
  "1": {
    "order": [
      0,
      0,
      0
    ],
    "aic": 595.4166331067013,
    "rmse": 1.6106335300678518
  },
  "3": {
    "order": [
      1,
      0,
      0
    ],
    "aic": 612.24738187467,
    "rmse": 1.6889536579821336
  },
  "5": {
    "order": [
      2,
      0,
      2
    ],
    "aic": 405.84491616997474,
    "rmse": 1.6972317142021043
  },
  "4": {
    "order": [
      1,
      0,
      1
    ],
    "aic": 594.5278183130335,
    "rmse": 1.5856239959556455
  },
  "6": {
    "order": [
      2,
      0,
      2
    ],
    "aic": 351.5173069996802,
    "rmse": 1.448478528751994
  },
  "7": {
    "order": [
      0,
      0,
      0
    ],
    "aic": 377.44223785274517,
    "rmse": 1.7272782939379343
  },
  "8": {
    "order": [
      0,
      0,
      0
    ],
    "aic": 366.64806538791436,
    "rmse": 1.6318845214698074
  },
  "9": {
    "order": [
      0,
      0,
      0
    ],
    "aic": 371.9594586223441,
    "rmse": 1.6781469796530217
  },
  "12": {
    "order": [
      2,
      0,
      2
    ],
    "aic": 247.6946888061096,
    "rmse": 1.4822795162037772
  },
  "10": {
    "order": [
      1,
      0,
      1
    ],
    "aic": 256.790015243002,
    "rmse": 1.6432742925154822
  },
  "11": {
    "order": [
      2,
      0,
      2
    ],
    "aic": 253.48646921753888,
    "rmse": 1.5456296854795468
  },
  "14": {
    "order": [
      2,
      0,
      2
    ],
    "aic": 255.33689674838038,
    "rmse": 1.575979803060839
  },
  "13": {
    "order": [
      1,
      0,
      0
    ],
    "aic": 258.2626943317249,
    "rmse": 1.6850848642252945
  }
}