{
  "loss": 0.22772321105003357,
  "accuracy": 0.9265967607498169,
  "auc": 0.9277662038803101,
  "precision": 0.7068965517241379,
  "recall": 0.656,
  "f1_score": 0.6804979253112033,
  "confusion_matrix": [
    [
      890,
      34
    ],
    [
      43,
      82
    ]
  ]
}